{"initial_reset_timestamp": 1582622709.1641037, "timestamps": [1582622710.9421425, 1582622712.5846763, 1582622712.6613314, 1582622712.6948392, 1582622712.728263, 1582622712.761593, 1582622712.7951112, 1582622712.8286395, 1582622714.449284, 1582622714.5234575, 1582622714.5572336, 1582622714.591022, 1582622714.624595, 1582622714.6581726, 1582622714.6917589, 1582622714.7253091, 1582622714.7589476, 1582622714.7923968, 1582622714.8264742, 1582622714.8600607, 1582622714.8935487, 1582622714.9270856, 1582622714.9608924, 1582622714.9945621, 1582622715.0281165, 1582622715.0616689, 1582622715.0951216, 1582622716.6851876, 1582622716.7580283, 1582622716.7915401, 1582622716.8248434, 1582622716.8583405, 1582622716.891606, 1582622716.9249907, 1582622716.958144, 1582622716.9915404, 1582622717.024776, 1582622717.0423172, 1582622717.0756743, 1582622717.1093526, 1582622717.142672, 1582622717.1760454, 1582622717.2095375, 1582622717.243037, 1582622717.2764122, 1582622717.3100436, 1582622717.3438652, 1582622717.3776672, 1582622717.4112737, 1582622717.44474, 1582622717.4781833, 1582622717.5117047, 1582622717.5451846, 1582622717.5787303, 1582622717.6122868, 1582622717.6459672, 1582622717.6795578, 1582622717.7130122, 1582622717.7464635, 1582622717.7801292, 1582622717.8136346, 1582622717.8471532, 1582622717.880814, 1582622717.9143174, 1582622719.5455537, 1582622719.6208954, 1582622719.6542397, 1582622719.6876752, 1582622719.7209609, 1582622719.754253, 1582622719.7875996, 1582622719.8209605, 1582622719.854272, 1582622719.8875842, 1582622719.9213102, 1582622719.9545908, 1582622719.9877822, 1582622720.0211008, 1582622720.054331, 1582622720.087656, 1582622720.1209915, 1582622720.1542637, 1582622720.1874657, 1582622720.2207968, 1582622720.254134, 1582622720.287422, 1582622720.3206098, 1582622720.353958, 1582622720.387279, 1582622720.4206064, 1582622720.4539585, 1582622720.4873054, 1582622720.5205314, 1582622720.5537264, 1582622720.5870547, 1582622720.6202297, 1582622720.6534333, 1582622720.686631, 1582622720.719822, 1582622720.75299], "episode_lengths": [200, 200, 200, 200, 200, 200, 200, 200, 200, 200, 200, 200, 200, 200, 200, 200, 200, 200, 200, 200, 200, 200, 200, 200, 200, 200, 200, 200, 200, 200, 200, 200, 200, 200, 200, 200, 200, 105, 200, 200, 200, 200, 200, 200, 200, 200, 200, 200, 200, 200, 200, 200, 200, 200, 200, 200, 200, 200, 200, 200, 200, 200, 200, 200, 200, 200, 200, 200, 200, 200, 200, 200, 200, 200, 200, 200, 200, 200, 200, 200, 200, 200, 200, 200, 200, 200, 200, 200, 200, 200, 200, 200, 200, 200, 200, 200, 200, 200, 200, 200], "episode_rewards": [200.0, 200.0, 200.0, 200.0, 200.0, 200.0, 200.0, 200.0, 200.0, 200.0, 200.0, 200.0, 200.0, 200.0, 200.0, 200.0, 200.0, 200.0, 200.0, 200.0, 200.0, 200.0, 200.0, 200.0, 200.0, 200.0, 200.0, 200.0, 200.0, 200.0, 200.0, 200.0, 200.0, 200.0, 200.0, 200.0, 200.0, 105.0, 200.0, 200.0, 200.0, 200.0, 200.0, 200.0, 200.0, 200.0, 200.0, 200.0, 200.0, 200.0, 200.0, 200.0, 200.0, 200.0, 200.0, 200.0, 200.0, 200.0, 200.0, 200.0, 200.0, 200.0, 200.0, 200.0, 200.0, 200.0, 200.0, 200.0, 200.0, 200.0, 200.0, 200.0, 200.0, 200.0, 200.0, 200.0, 200.0, 200.0, 200.0, 200.0, 200.0, 200.0, 200.0, 200.0, 200.0, 200.0, 200.0, 200.0, 200.0, 200.0, 200.0, 200.0, 200.0, 200.0, 200.0, 200.0, 200.0, 200.0, 200.0, 200.0], "episode_types": ["t", "t", "t", "t", "t", "t", "t", "t", "t", "t", "t", "t", "t", "t", "t", "t", "t", "t", "t", "t", "t", "t", "t", "t", "t", "t", "t", "t", "t", "t", "t", "t", "t", "t", "t", "t", "t", "t", "t", "t", "t", "t", "t", "t", "t", "t", "t", "t", "t", "t", "t", "t", "t", "t", "t", "t", "t", "t", "t", "t", "t", "t", "t", "t", "t", "t", "t", "t", "t", "t", "t", "t", "t", "t", "t", "t", "t", "t", "t", "t", "t", "t", "t", "t", "t", "t", "t", "t", "t", "t", "t", "t", "t", "t", "t", "t", "t", "t", "t", "t"]}