{"initial_reset_timestamp": 1585569912.659998, "timestamps": [1585569914.5879996, 1585569924.73871, 1585569924.9750051, 1585569925.133503, 1585569925.2777545, 1585569925.3980982, 1585569925.5578537, 1585569925.6215634, 1585569926.0895705, 1585569926.1804755, 1585569926.2560165, 1585569926.4030602, 1585569926.4280236, 1585569926.4492338, 1585569926.5198505, 1585569926.6248426, 1585569926.7597632, 1585569926.828866, 1585569926.8938427, 1585569926.9808397, 1585569927.0793748, 1585569927.201074, 1585569927.261395, 1585569927.3389134, 1585569927.4265277, 1585569927.5328898, 1585569927.5728269, 1585569931.6905773, 1585569931.937438, 1585569932.0339289, 1585569932.1182692, 1585569932.217291, 1585569932.2730675, 1585569932.335731, 1585569932.4927292, 1585569932.586592, 1585569932.6583219, 1585569932.7529411, 1585569932.8547926, 1585569932.9449413, 1585569932.9491534, 1585569933.0875149, 1585569933.1964993, 1585569933.3329437, 1585569933.380202, 1585569933.4524019, 1585569933.468557, 1585569933.52216, 1585569933.6400502, 1585569933.7077985, 1585569933.8863797, 1585569933.9640243, 1585569934.0390766, 1585569934.1245675, 1585569934.3198187, 1585569934.4570627, 1585569934.564494, 1585569934.7216272, 1585569934.8227234, 1585569934.8911924, 1585569935.034468, 1585569935.0652928, 1585569935.221715, 1585569935.299131, 1585569939.756725, 1585569939.9909072, 1585569940.1412804, 1585569940.216092, 1585569940.2810307, 1585569940.4245446, 1585569940.4649112, 1585569940.5326715, 1585569940.5509665, 1585569940.6663196, 1585569940.785282, 1585569940.8170211, 1585569940.9306676, 1585569940.9491796, 1585569941.0560362, 1585569941.121798, 1585569941.2746336, 1585569941.3423026, 1585569941.4337392, 1585569941.460616, 1585569941.6016347, 1585569941.6969483, 1585569941.713949, 1585569941.8185089, 1585569941.9097598, 1585569941.9971566, 1585569942.0138056, 1585569942.0816932, 1585569942.1930928, 1585569942.3080082, 1585569942.4156835, 1585569942.5870528, 1585569942.6452787, 1585569942.7269363, 1585569942.808653, 1585569942.9104512], "episode_lengths": [104, 599, 626, 779, 732, 601, 810, 332, 23, 87, 367, 773, 133, 99, 372, 552, 696, 364, 333, 459, 514, 640, 317, 414, 468, 559, 210, 242, 761, 493, 430, 500, 294, 323, 817, 483, 359, 477, 534, 461, 22, 705, 547, 684, 237, 378, 79, 271, 604, 348, 921, 398, 378, 435, 912, 641, 548, 790, 530, 363, 748, 158, 791, 392, 261, 678, 756, 389, 326, 755, 200, 333, 95, 614, 615, 166, 564, 95, 546, 344, 787, 354, 434, 110, 743, 491, 85, 508, 414, 436, 87, 352, 558, 468, 517, 822, 260, 367, 339, 481], "episode_rewards": [104.0, 599.0, 626.0, 779.0, 732.0, 601.0, 810.0, 332.0, 23.0, 87.0, 367.0, 773.0, 133.0, 99.0, 372.0, 552.0, 696.0, 364.0, 333.0, 459.0, 514.0, 640.0, 317.0, 414.0, 468.0, 559.0, 210.0, 242.0, 761.0, 493.0, 430.0, 500.0, 294.0, 323.0, 817.0, 483.0, 359.0, 477.0, 534.0, 461.0, 22.0, 705.0, 547.0, 684.0, 237.0, 378.0, 79.0, 271.0, 604.0, 348.0, 921.0, 398.0, 378.0, 435.0, 912.0, 641.0, 548.0, 790.0, 530.0, 363.0, 748.0, 158.0, 791.0, 392.0, 261.0, 678.0, 756.0, 389.0, 326.0, 755.0, 200.0, 333.0, 95.0, 614.0, 615.0, 166.0, 564.0, 95.0, 546.0, 344.0, 787.0, 354.0, 434.0, 110.0, 743.0, 491.0, 85.0, 508.0, 414.0, 436.0, 87.0, 352.0, 558.0, 468.0, 517.0, 822.0, 260.0, 367.0, 339.0, 481.0], "episode_types": ["t", "t", "t", "t", "t", "t", "t", "t", "t", "t", "t", "t", "t", "t", "t", "t", "t", "t", "t", "t", "t", "t", "t", "t", "t", "t", "t", "t", "t", "t", "t", "t", "t", "t", "t", "t", "t", "t", "t", "t", "t", "t", "t", "t", "t", "t", "t", "t", "t", "t", "t", "t", "t", "t", "t", "t", "t", "t", "t", "t", "t", "t", "t", "t", "t", "t", "t", "t", "t", "t", "t", "t", "t", "t", "t", "t", "t", "t", "t", "t", "t", "t", "t", "t", "t", "t", "t", "t", "t", "t", "t", "t", "t", "t", "t", "t", "t", "t", "t", "t"]}