{"initial_reset_timestamp": 1584708849.4946785, "timestamps": [1584708849.877946, 1584708850.12913, 1584708850.266317, 1584708850.3835907, 1584708850.4981365, 1584708850.6313152, 1584708850.7542593, 1584708850.8767948, 1584708851.1024125, 1584708851.2343998, 1584708851.3583646, 1584708851.4754982, 1584708851.592781, 1584708851.7093215, 1584708851.8233042, 1584708851.9484758, 1584708852.062618, 1584708852.1795778, 1584708852.2942665, 1584708852.4101944, 1584708852.53805, 1584708852.6550486, 1584708852.7699513, 1584708852.884563, 1584708853.0076966, 1584708853.1398497, 1584708853.2637987, 1584708853.499003, 1584708853.630177, 1584708853.7505622, 1584708853.879259, 1584708854.0055883, 1584708854.1280136, 1584708854.2526023, 1584708854.374506, 1584708854.5028431, 1584708854.6218083, 1584708854.7431452, 1584708854.857082, 1584708854.9729621, 1584708855.095524, 1584708855.2139013, 1584708855.328816, 1584708855.4425378, 1584708855.5616865, 1584708855.6872902, 1584708855.8048177, 1584708855.9190822, 1584708856.03548, 1584708856.1492138], "episode_lengths": [23, 23, 23, 23, 23, 23, 23, 23, 23, 23, 23, 23, 23, 23, 23, 23, 23, 23, 23, 23, 23, 23, 23, 23, 23, 23, 23, 23, 23, 23, 23, 23, 23, 23, 23, 23, 23, 23, 23, 23, 23, 23, 23, 23, 23, 23, 23, 23, 23, 23], "episode_rewards": [0.0, 0.0, 0.0, 0.0, 0.0, 0.0, 0.0, 0.0, 0.0, 0.0, 0.0, 0.0, 0.0, 0.0, 0.0, 0.0, 0.0, 0.0, 0.0, 0.0, 0.0, 0.0, 0.0, 0.0, 0.0, 0.0, 0.0, 0.0, 0.0, 0.0, 0.0, 0.0, 0.0, 0.0, 0.0, 0.0, 0.0, 0.0, 0.0, 0.0, 0.0, 0.0, 0.0, 0.0, 0.0, 0.0, 0.0, 0.0, 0.0, 0.0], "episode_types": ["t", "t", "t", "t", "t", "t", "t", "t", "t", "t", "t", "t", "t", "t", "t", "t", "t", "t", "t", "t", "t", "t", "t", "t", "t", "t", "t", "t", "t", "t", "t", "t", "t", "t", "t", "t", "t", "t", "t", "t", "t", "t", "t", "t", "t", "t", "t", "t", "t", "t"]}